<?xml version="1.0" encoding="UTF-8"?>

<!DOCTYPE mapper
    PUBLIC "-//mybatis.org//DTD Mapper 3.0//EN"
    "http://mybatis.org/dtd/mybatis-3-mapper.dtd">
 
 <mapper namespace="com.tech.PlamingGo.dao.NoticeDao">
<select id="n_list" resultType="com.tech.PlamingGo.dto.NoticeDto">
 		SELECT NOTICE_NUM,NOTICE_WRITER,NOTICE_TITLE,NOTICE_CONTENT,
 				NOTICE_DATE,NOTICE_HITS,NOTICE_GROUP,NOTICE_STEP,
 				NOTICE_INDENT FROM PG_NOTICE
				ORDER BY NOTICE_GROUP DESC,NOITCE_STEP ASC
</select>
<insert id="n_write">
	INSERT INTO PG_NOITCE(NOTICE_NUM,NOTICE_WRITER,NOTICE_TITLE,
					NOTICE_CONTENT,NOTICE_HITS,NOTICE_GROUP,NOTICE_STEP,NOTICE_INDENT,FILESRC)
					 VALUES(NOTICE_NUM_SEQ.NEXTVAL,
					#{param1},#{param2},#{param3},0, <!-- 1,2,3의 해당하는 ?(BNAME),?(BTITLE),?(BCONTENT)를 #{PARAM1,2,3}로 수정-->
					NOTICE_NUM_SEQ.CURRVAL,0,0,#{param4})
	</insert>
<select id="contentView" resultType="com.tech.PlamingGo.dto.NoticeDto">
	SELECT * FROM PG_NOTICE WHERE NOTICE_NUM=#{param1}
</select>

<update id="upHit">
	UPDATE PG_NOTICE SET
		NOTICE_HITS=NOTICE_HITS+1 WHERE NOTICE_NUM=#{param1}
</update>
<update id="modify">
		UPDATE NOTICE_QNA SET NOTICE_WRITER=#{param2},
					NOTICE_TITLE=#{param3},NOTICE_CONTENT=#{param4}
					 WHERE NOTICE_NUM=#{param1}
</update>
 	
 	
</mapper>