<?xml version="1.0" encoding="UTF-8"?>
<beans xmlns="http://www.springframework.org/schema/beans"
	xmlns:xsi="http://www.w3.org/2001/XMLSchema-instance"
	xmlns:aop="http://www.springframework.org/schema/aop"
	xsi:schemaLocation="http://www.springframework.org/schema/beans http://www.springframework.org/schema/beans/spring-beans.xsd
		http://www.springframework.org/schema/aop http://www.springframework.org/schema/aop/spring-aop-3.1.xsd">

	<aop:aspectj-autoproxy  />

	<bean id="logAop" class="com.tech.ex.LogAop"></bean>
	
	<!-- <aop:config>
		<aop:aspect id="logger" ref="logAop">//공통기능을 사용
		공통기능을 어떤식으로 사용할 것 인지
			<aop:pointcut expression="within(com.tech.ex.*)" id="publiclog"/>
			<aop:around method="logtimeAop" pointcut-ref="publiclog"/>  around를 써서 logtimeaop에 적용
			
		</aop:aspect>
	</aop:config> -->
	
	
	
	
	<bean id="student" class="com.tech.ex.Student">
		<property name="name" value="콩길동"></property>
		<property name="age" value="25"></property>
		<property name="gradeNum" value="2"></property>
		<property name="classNum" value="8"></property>
	</bean>
	
	<bean id="worker" class="com.tech.ex.Worker">
		<property name="name" value="이킹순"></property>
		<property name="age" value="17"></property>
		<property name="job" value="Girl's Student"></property>
	</bean>

</beans>
