<?xml version="1.0" encoding="UTF-8"?>
<beans xmlns="http://www.springframework.org/schema/beans"
	xmlns:xsi="http://www.w3.org/2001/XMLSchema-instance"
	xsi:schemaLocation="http://www.springframework.org/schema/beans http://www.springframework.org/schema/beans/spring-beans.xsd">
	<bean id="member1" class="com.tech.ex.Member">
		<constructor-arg value="honggildong" />
		<constructor-arg value="20" />
		<constructor-arg>
			<list>
				<value>수영</value>
				<value>영화</value>
				<value>승마</value>
			</list>
		</constructor-arg>
		<property name="height" value="175" />
		<property name="weight" value="70" />
	</bean>
	<bean id="memberInfo1" class="com.tech.ex.MemberInfo">
		<property name="member">
			<ref bean="member1" />
		</property>
	</bean>

</beans>
