<?xml version="1.0" encoding="UTF-8"?>
<beans xmlns="http://www.springframework.org/schema/beans"
	xmlns:xsi="http://www.w3.org/2001/XMLSchema-instance"
	xmlns:c="http://www.springframework.org/schema/c"
	xmlns:p="http://www.springframework.org/schema/p"
	xsi:schemaLocation="http://www.springframework.org/schema/beans http://www.springframework.org/schema/beans/spring-beans.xsd">
	<bean id="member3" class="com.tech.ex.Member">
		<constructor-arg value="honggilsoon" />
		<constructor-arg value="15" />
		<constructor-arg>
			<list>
				<value>고무줄</value>
				<value>승마</value>
			</list>
		</constructor-arg>
		<property name="height" value="150" />
		<property name="weight" value="45" />
	</bean>
	<bean id="home" class="com.tech.ex.Home">
		<constructor-arg value="아빠" />
		<constructor-arg value="엄마" />
		<property name="sisName" value="누나" />
		<property name="broName" value="오빠" />
	</bean>
	<bean id="home2" class="com.tech.ex.Home" 
	c:paName="아빠" c:mamName="엄마" p:broName="오빠">
		<property name="sisName" value="누나" />
	</bean>
</beans>
